123456,456789,789456,456788,158523
123456,456789,789456,456788,158523
123456,456789,789456,456788,158523
123456,456789,789456,456788,158523
123456,456789,789456,456788,158523
123456,456789,789456,456788,158523
123456,456789,789456,456788,158523
123456,456789,789456,456788,158523
123456,456789,789456,456788,158523
123456,456789,789456,456788,158523
123456,456789,789456,456788,158523
123456,456789,789456,456788,158523
123456,456789,789456,456788,158523
123456,456789,789456,456788,158523
123456,456789,789456,456788,158523
123456,456789,789456,456788,158523
123456,456789,789456,456788,158523
123456,456789,789456,456788,158523
123456,456789,789456,456788,158523
123456,456789,789456,456788,158523
123456,456789,789456,456788,158523
123456,456789,789456,456788,158523
123456,456789,789456,456788,158523
123456,456789,789456,456788,158523
123456,456789,789456,456788,158523
123456,456789,789456,456788,158523
123456,456789,789456,456788,158523
123456,456789,789456,456788,158523
123456,456789,789456,456788,158523
123456,456789,789456,456788,158523
